CREATE TABLE customers(customer_id INT PRIMARY KEY,customer_name VARCHAR(100),gender VARCHAR(10),phone VARCHAR(15),email VARCHAR(100),city VARCHAR(50),state VARCHAR(50),created_date DATE);
CREATE TABLE accounts(account_id VARCHAR(10) PRIMARY KEY,customer_id INT,account_type VARCHAR(20),opening_balance DECIMAL(12,2),current_balance DECIMAL(12,2),branch VARCHAR(50),open_date DATE);
CREATE TABLE bank_transactions(transaction_id INT PRIMARY KEY,account_id VARCHAR(10),transaction_date DATETIME,transaction_type VARCHAR(20),amount DECIMAL(12,2),balance_after_transaction DECIMAL(12,2),remarks VARCHAR(100));
INSERT INTO customers VALUES (101,'Aarav Kumar','Male','9313915269','aarav@gmail.com','Mumbai','Maharashtra','2024-02-01');
INSERT INTO accounts VALUES ('ACC1001',101,'Savings',43517,43517,'Mumbai','2024-02-01');
INSERT INTO bank_transactions VALUES (10001,'ACC1001','2025-05-11 17:00:00','Deposit',861,44378,'Txn');
INSERT INTO bank_transactions VALUES (10002,'ACC1001','2025-08-24 18:00:00','NEFT',10293,54671,'Txn');
INSERT INTO bank_transactions VALUES (10003,'ACC1001','2025-09-28 15:00:00','Withdrawal',14465,40206,'Txn');
INSERT INTO bank_transactions VALUES (10004,'ACC1001','2025-08-01 09:00:00','Deposit',5937,46143,'Txn');
INSERT INTO bank_transactions VALUES (10005,'ACC1001','2025-08-03 14:00:00','NEFT',9242,55385,'Txn');
INSERT INTO bank_transactions VALUES (10006,'ACC1001','2025-08-03 13:00:00','Withdrawal',5930,49455,'Txn');
INSERT INTO bank_transactions VALUES (10007,'ACC1001','2025-06-09 12:00:00','Deposit',12208,61663,'Txn');
INSERT INTO bank_transactions VALUES (10008,'ACC1001','2025-02-16 14:00:00','UPI',5323,56340,'Txn');
INSERT INTO bank_transactions VALUES (10009,'ACC1001','2025-10-23 10:00:00','UPI',1816,54524,'Txn');
INSERT INTO bank_transactions VALUES (10010,'ACC1001','2025-08-18 14:00:00','NEFT',4750,59274,'Txn');
INSERT INTO customers VALUES (102,'Vivaan Kumar','Female','9138281441','vivaan@gmail.com','Mumbai','Maharashtra','2024-03-01');
INSERT INTO accounts VALUES ('ACC1002',102,'Savings',34132,34132,'Mumbai','2024-03-01');
INSERT INTO bank_transactions VALUES (10011,'ACC1002','2025-02-10 18:00:00','NEFT',12130,46262,'Txn');
INSERT INTO bank_transactions VALUES (10012,'ACC1002','2025-10-15 13:00:00','Deposit',3140,49402,'Txn');
INSERT INTO bank_transactions VALUES (10013,'ACC1002','2025-11-08 10:00:00','NEFT',11692,61094,'Txn');
INSERT INTO bank_transactions VALUES (10014,'ACC1002','2025-07-27 10:00:00','Deposit',8443,69537,'Txn');
INSERT INTO bank_transactions VALUES (10015,'ACC1002','2025-01-25 16:00:00','NEFT',7457,76994,'Txn');
INSERT INTO bank_transactions VALUES (10016,'ACC1002','2025-01-05 12:00:00','NEFT',3242,80236,'Txn');
INSERT INTO bank_transactions VALUES (10017,'ACC1002','2025-01-21 09:00:00','Withdrawal',1742,78494,'Txn');
INSERT INTO bank_transactions VALUES (10018,'ACC1002','2025-06-23 18:00:00','UPI',6418,72076,'Txn');
INSERT INTO bank_transactions VALUES (10019,'ACC1002','2025-04-22 15:00:00','UPI',11144,60932,'Txn');
INSERT INTO bank_transactions VALUES (10020,'ACC1002','2025-02-23 17:00:00','NEFT',1313,62245,'Txn');
INSERT INTO customers VALUES (103,'Aditya Kumar','Male','9671729142','aditya@gmail.com','Hyderabad','Telangana','2024-04-01');
INSERT INTO accounts VALUES ('ACC1003',103,'Current',12932,12932,'Hyderabad','2024-04-01');
INSERT INTO bank_transactions VALUES (10021,'ACC1003','2025-09-18 15:00:00','Deposit',7657,20589,'Txn');
INSERT INTO bank_transactions VALUES (10022,'ACC1003','2025-04-12 12:00:00','UPI',8776,11813,'Txn');
INSERT INTO bank_transactions VALUES (10023,'ACC1003','2025-07-24 17:00:00','UPI',12596,0,'Txn');
INSERT INTO bank_transactions VALUES (10024,'ACC1003','2025-06-06 16:00:00','Deposit',5172,5172,'Txn');
INSERT INTO bank_transactions VALUES (10025,'ACC1003','2025-09-02 16:00:00','Withdrawal',10782,0,'Txn');
INSERT INTO bank_transactions VALUES (10026,'ACC1003','2025-12-26 11:00:00','NEFT',2928,2928,'Txn');
INSERT INTO bank_transactions VALUES (10027,'ACC1003','2025-05-18 16:00:00','UPI',7774,0,'Txn');
INSERT INTO bank_transactions VALUES (10028,'ACC1003','2025-04-13 13:00:00','Deposit',10398,10398,'Txn');
INSERT INTO bank_transactions VALUES (10029,'ACC1003','2025-03-22 17:00:00','Withdrawal',4114,6284,'Txn');
INSERT INTO bank_transactions VALUES (10030,'ACC1003','2025-03-04 14:00:00','UPI',2084,4200,'Txn');
INSERT INTO customers VALUES (104,'Vihaan Kumar','Female','9638806974','vihaan@gmail.com','Hyderabad','Telangana','2024-05-01');
INSERT INTO accounts VALUES ('ACC1004',104,'Savings',25023,25023,'Hyderabad','2024-05-01');
INSERT INTO bank_transactions VALUES (10031,'ACC1004','2025-07-13 12:00:00','Deposit',3311,28334,'Txn');
INSERT INTO bank_transactions VALUES (10032,'ACC1004','2025-06-09 09:00:00','Deposit',14044,42378,'Txn');
INSERT INTO bank_transactions VALUES (10033,'ACC1004','2025-04-14 11:00:00','UPI',9774,32604,'Txn');
INSERT INTO bank_transactions VALUES (10034,'ACC1004','2025-10-12 16:00:00','Withdrawal',12698,19906,'Txn');
INSERT INTO bank_transactions VALUES (10035,'ACC1004','2025-06-10 13:00:00','Withdrawal',3195,16711,'Txn');
INSERT INTO bank_transactions VALUES (10036,'ACC1004','2025-03-21 16:00:00','UPI',4198,12513,'Txn');
INSERT INTO bank_transactions VALUES (10037,'ACC1004','2025-11-22 15:00:00','UPI',10494,2019,'Txn');
INSERT INTO bank_transactions VALUES (10038,'ACC1004','2025-12-08 13:00:00','Withdrawal',9627,0,'Txn');
INSERT INTO bank_transactions VALUES (10039,'ACC1004','2025-06-05 15:00:00','NEFT',7833,7833,'Txn');
INSERT INTO bank_transactions VALUES (10040,'ACC1004','2025-01-06 17:00:00','NEFT',7738,15571,'Txn');
INSERT INTO customers VALUES (105,'Arjun Kumar','Male','9690309413','arjun@gmail.com','Bangalore','Karnataka','2024-06-01');
INSERT INTO accounts VALUES ('ACC1005',105,'Savings',36563,36563,'Bangalore','2024-06-01');
INSERT INTO bank_transactions VALUES (10041,'ACC1005','2025-11-23 09:00:00','Withdrawal',2143,34420,'Txn');
INSERT INTO bank_transactions VALUES (10042,'ACC1005','2025-05-18 13:00:00','UPI',12601,21819,'Txn');
INSERT INTO bank_transactions VALUES (10043,'ACC1005','2025-12-18 14:00:00','Deposit',9270,31089,'Txn');
INSERT INTO bank_transactions VALUES (10044,'ACC1005','2025-02-27 15:00:00','Withdrawal',8400,22689,'Txn');
INSERT INTO bank_transactions VALUES (10045,'ACC1005','2025-06-27 17:00:00','NEFT',12529,35218,'Txn');
INSERT INTO bank_transactions VALUES (10046,'ACC1005','2025-11-05 12:00:00','UPI',3704,31514,'Txn');
INSERT INTO bank_transactions VALUES (10047,'ACC1005','2025-10-11 13:00:00','UPI',6960,24554,'Txn');
INSERT INTO bank_transactions VALUES (10048,'ACC1005','2025-06-07 11:00:00','Deposit',9299,33853,'Txn');
INSERT INTO bank_transactions VALUES (10049,'ACC1005','2025-11-20 18:00:00','UPI',8767,25086,'Txn');
INSERT INTO bank_transactions VALUES (10050,'ACC1005','2025-09-23 18:00:00','NEFT',12633,37719,'Txn');
INSERT INTO customers VALUES (106,'Sai Kumar','Female','9952846608','sai@gmail.com','Delhi','Delhi','2024-07-01');
INSERT INTO accounts VALUES ('ACC1006',106,'Current',20950,20950,'Delhi','2024-07-01');
INSERT INTO bank_transactions VALUES (10051,'ACC1006','2025-02-10 18:00:00','Withdrawal',11060,9890,'Txn');
INSERT INTO bank_transactions VALUES (10052,'ACC1006','2025-05-10 12:00:00','UPI',11245,0,'Txn');
INSERT INTO bank_transactions VALUES (10053,'ACC1006','2025-01-27 09:00:00','NEFT',6228,6228,'Txn');
INSERT INTO bank_transactions VALUES (10054,'ACC1006','2025-06-19 16:00:00','Deposit',11337,17565,'Txn');
INSERT INTO bank_transactions VALUES (10055,'ACC1006','2025-10-16 15:00:00','Withdrawal',7460,10105,'Txn');
INSERT INTO bank_transactions VALUES (10056,'ACC1006','2025-02-02 12:00:00','UPI',1808,8297,'Txn');
INSERT INTO bank_transactions VALUES (10057,'ACC1006','2025-08-27 15:00:00','UPI',10944,0,'Txn');
INSERT INTO bank_transactions VALUES (10058,'ACC1006','2025-10-21 15:00:00','NEFT',14425,14425,'Txn');
INSERT INTO bank_transactions VALUES (10059,'ACC1006','2025-09-13 11:00:00','Withdrawal',8477,5948,'Txn');
INSERT INTO bank_transactions VALUES (10060,'ACC1006','2025-05-11 14:00:00','NEFT',4503,10451,'Txn');
INSERT INTO customers VALUES (107,'Rahul Kumar','Male','9427488717','rahul@gmail.com','Bangalore','Karnataka','2024-08-01');
INSERT INTO accounts VALUES ('ACC1007',107,'Savings',16581,16581,'Bangalore','2024-08-01');
INSERT INTO bank_transactions VALUES (10061,'ACC1007','2025-01-15 15:00:00','NEFT',10380,26961,'Txn');
INSERT INTO bank_transactions VALUES (10062,'ACC1007','2025-07-13 18:00:00','UPI',5725,21236,'Txn');
INSERT INTO bank_transactions VALUES (10063,'ACC1007','2025-10-20 11:00:00','UPI',6820,14416,'Txn');
INSERT INTO bank_transactions VALUES (10064,'ACC1007','2025-04-06 09:00:00','NEFT',4959,19375,'Txn');
INSERT INTO bank_transactions VALUES (10065,'ACC1007','2025-04-18 17:00:00','Withdrawal',2274,17101,'Txn');
INSERT INTO bank_transactions VALUES (10066,'ACC1007','2025-08-28 16:00:00','UPI',8868,8233,'Txn');
INSERT INTO bank_transactions VALUES (10067,'ACC1007','2025-12-16 10:00:00','Withdrawal',4765,3468,'Txn');
INSERT INTO bank_transactions VALUES (10068,'ACC1007','2025-02-26 14:00:00','NEFT',11338,14806,'Txn');
INSERT INTO bank_transactions VALUES (10069,'ACC1007','2025-02-14 18:00:00','Withdrawal',11276,3530,'Txn');
INSERT INTO bank_transactions VALUES (10070,'ACC1007','2025-03-27 13:00:00','UPI',14994,0,'Txn');
INSERT INTO customers VALUES (108,'Priya Kumar','Female','9294445518','priya@gmail.com','Chennai','Tamil Nadu','2024-09-01');
INSERT INTO accounts VALUES ('ACC1008',108,'Savings',19311,19311,'Chennai','2024-09-01');
INSERT INTO bank_transactions VALUES (10071,'ACC1008','2025-05-12 11:00:00','Withdrawal',1109,18202,'Txn');
INSERT INTO bank_transactions VALUES (10072,'ACC1008','2025-05-26 10:00:00','Withdrawal',5828,12374,'Txn');
INSERT INTO bank_transactions VALUES (10073,'ACC1008','2025-01-13 16:00:00','Deposit',8525,20899,'Txn');
INSERT INTO bank_transactions VALUES (10074,'ACC1008','2025-04-17 11:00:00','NEFT',12391,33290,'Txn');
INSERT INTO bank_transactions VALUES (10075,'ACC1008','2025-11-14 09:00:00','Deposit',12695,45985,'Txn');
INSERT INTO bank_transactions VALUES (10076,'ACC1008','2025-03-17 10:00:00','Deposit',9765,55750,'Txn');
INSERT INTO bank_transactions VALUES (10077,'ACC1008','2025-05-28 11:00:00','NEFT',9670,65420,'Txn');
INSERT INTO bank_transactions VALUES (10078,'ACC1008','2025-10-04 18:00:00','UPI',2298,63122,'Txn');
INSERT INTO bank_transactions VALUES (10079,'ACC1008','2025-07-10 15:00:00','UPI',5345,57777,'Txn');
INSERT INTO bank_transactions VALUES (10080,'ACC1008','2025-01-05 16:00:00','Withdrawal',1180,56597,'Txn');
INSERT INTO customers VALUES (109,'Sneha Kumar','Male','9696808274','sneha@gmail.com','Mumbai','Maharashtra','2024-10-01');
INSERT INTO accounts VALUES ('ACC1009',109,'Current',41069,41069,'Mumbai','2024-10-01');
INSERT INTO bank_transactions VALUES (10081,'ACC1009','2025-07-09 12:00:00','Deposit',663,41732,'Txn');
INSERT INTO bank_transactions VALUES (10082,'ACC1009','2025-01-06 15:00:00','NEFT',1531,43263,'Txn');
INSERT INTO bank_transactions VALUES (10083,'ACC1009','2025-03-25 17:00:00','NEFT',3539,46802,'Txn');
INSERT INTO bank_transactions VALUES (10084,'ACC1009','2025-09-10 11:00:00','UPI',13971,32831,'Txn');
INSERT INTO bank_transactions VALUES (10085,'ACC1009','2025-07-14 10:00:00','Deposit',14456,47287,'Txn');
INSERT INTO bank_transactions VALUES (10086,'ACC1009','2025-12-13 11:00:00','NEFT',7381,54668,'Txn');
INSERT INTO bank_transactions VALUES (10087,'ACC1009','2025-02-27 15:00:00','Withdrawal',903,53765,'Txn');
INSERT INTO bank_transactions VALUES (10088,'ACC1009','2025-03-23 15:00:00','Deposit',6539,60304,'Txn');
INSERT INTO bank_transactions VALUES (10089,'ACC1009','2025-05-01 11:00:00','NEFT',1109,61413,'Txn');
INSERT INTO bank_transactions VALUES (10090,'ACC1009','2025-04-27 17:00:00','NEFT',780,62193,'Txn');
INSERT INTO customers VALUES (110,'Ananya Kumar','Female','9659934508','ananya@gmail.com','Delhi','Delhi','2024-11-01');
INSERT INTO accounts VALUES ('ACC1010',110,'Savings',25427,25427,'Delhi','2024-11-01');
INSERT INTO bank_transactions VALUES (10091,'ACC1010','2025-10-28 17:00:00','Withdrawal',8609,16818,'Txn');
INSERT INTO bank_transactions VALUES (10092,'ACC1010','2025-04-20 16:00:00','UPI',4484,12334,'Txn');
INSERT INTO bank_transactions VALUES (10093,'ACC1010','2025-08-24 15:00:00','NEFT',9309,21643,'Txn');
INSERT INTO bank_transactions VALUES (10094,'ACC1010','2025-11-20 18:00:00','Deposit',11976,33619,'Txn');
INSERT INTO bank_transactions VALUES (10095,'ACC1010','2025-06-08 13:00:00','Withdrawal',6845,26774,'Txn');
INSERT INTO bank_transactions VALUES (10096,'ACC1010','2025-06-05 17:00:00','NEFT',848,27622,'Txn');
INSERT INTO bank_transactions VALUES (10097,'ACC1010','2025-05-20 11:00:00','UPI',8108,19514,'Txn');
INSERT INTO bank_transactions VALUES (10098,'ACC1010','2025-08-13 17:00:00','Withdrawal',3969,15545,'Txn');
INSERT INTO bank_transactions VALUES (10099,'ACC1010','2025-08-25 14:00:00','Deposit',14530,30075,'Txn');
INSERT INTO bank_transactions VALUES (10100,'ACC1010','2025-06-27 10:00:00','UPI',11031,19044,'Txn');
INSERT INTO customers VALUES (111,'Kiran Kumar','Male','9828056193','kiran@gmail.com','Delhi','Delhi','2024-12-01');
INSERT INTO accounts VALUES ('ACC1011',111,'Savings',21955,21955,'Delhi','2024-12-01');
INSERT INTO bank_transactions VALUES (10101,'ACC1011','2025-12-15 10:00:00','Deposit',778,22733,'Txn');
INSERT INTO bank_transactions VALUES (10102,'ACC1011','2025-06-04 17:00:00','Deposit',6370,29103,'Txn');
INSERT INTO bank_transactions VALUES (10103,'ACC1011','2025-08-13 13:00:00','Withdrawal',11263,17840,'Txn');
INSERT INTO bank_transactions VALUES (10104,'ACC1011','2025-01-20 15:00:00','NEFT',10472,28312,'Txn');
INSERT INTO bank_transactions VALUES (10105,'ACC1011','2025-11-04 15:00:00','NEFT',9246,37558,'Txn');
INSERT INTO bank_transactions VALUES (10106,'ACC1011','2025-09-19 15:00:00','NEFT',12658,50216,'Txn');
INSERT INTO bank_transactions VALUES (10107,'ACC1011','2025-06-23 15:00:00','Deposit',14121,64337,'Txn');
INSERT INTO bank_transactions VALUES (10108,'ACC1011','2025-03-10 15:00:00','Deposit',10965,75302,'Txn');
INSERT INTO bank_transactions VALUES (10109,'ACC1011','2025-11-16 13:00:00','Deposit',6523,81825,'Txn');
INSERT INTO bank_transactions VALUES (10110,'ACC1011','2025-05-02 18:00:00','NEFT',5177,87002,'Txn');
INSERT INTO customers VALUES (112,'Rohit Kumar','Female','9831782550','rohit@gmail.com','Bangalore','Karnataka','2024-01-01');
INSERT INTO accounts VALUES ('ACC1012',112,'Current',47652,47652,'Bangalore','2024-01-01');
INSERT INTO bank_transactions VALUES (10111,'ACC1012','2025-10-12 14:00:00','NEFT',4565,52217,'Txn');
INSERT INTO bank_transactions VALUES (10112,'ACC1012','2025-07-22 09:00:00','Withdrawal',14155,38062,'Txn');
INSERT INTO bank_transactions VALUES (10113,'ACC1012','2025-10-12 17:00:00','UPI',10863,27199,'Txn');
INSERT INTO bank_transactions VALUES (10114,'ACC1012','2025-06-08 15:00:00','Withdrawal',13683,13516,'Txn');
INSERT INTO bank_transactions VALUES (10115,'ACC1012','2025-06-15 14:00:00','Withdrawal',14047,0,'Txn');
INSERT INTO bank_transactions VALUES (10116,'ACC1012','2025-03-03 12:00:00','Deposit',3451,3451,'Txn');
INSERT INTO bank_transactions VALUES (10117,'ACC1012','2025-12-28 10:00:00','Withdrawal',6652,0,'Txn');
INSERT INTO bank_transactions VALUES (10118,'ACC1012','2025-04-05 13:00:00','Withdrawal',2076,0,'Txn');
INSERT INTO bank_transactions VALUES (10119,'ACC1012','2025-08-23 09:00:00','UPI',12919,0,'Txn');
INSERT INTO bank_transactions VALUES (10120,'ACC1012','2025-09-21 13:00:00','UPI',9044,0,'Txn');
INSERT INTO customers VALUES (113,'Neha Kumar','Male','9912662933','neha@gmail.com','Delhi','Delhi','2024-02-01');
INSERT INTO accounts VALUES ('ACC1013',113,'Savings',47782,47782,'Delhi','2024-02-01');
INSERT INTO bank_transactions VALUES (10121,'ACC1013','2025-02-26 15:00:00','Deposit',9732,57514,'Txn');
INSERT INTO bank_transactions VALUES (10122,'ACC1013','2025-12-06 15:00:00','NEFT',3103,60617,'Txn');
INSERT INTO bank_transactions VALUES (10123,'ACC1013','2025-11-25 14:00:00','UPI',11697,48920,'Txn');
INSERT INTO bank_transactions VALUES (10124,'ACC1013','2025-06-11 13:00:00','Withdrawal',4748,44172,'Txn');
INSERT INTO bank_transactions VALUES (10125,'ACC1013','2025-09-16 14:00:00','Deposit',5956,50128,'Txn');
INSERT INTO bank_transactions VALUES (10126,'ACC1013','2025-03-14 12:00:00','NEFT',7293,57421,'Txn');
INSERT INTO bank_transactions VALUES (10127,'ACC1013','2025-03-09 11:00:00','NEFT',5713,63134,'Txn');
INSERT INTO bank_transactions VALUES (10128,'ACC1013','2025-12-09 12:00:00','UPI',8639,54495,'Txn');
INSERT INTO bank_transactions VALUES (10129,'ACC1013','2025-03-26 16:00:00','UPI',9841,44654,'Txn');
INSERT INTO bank_transactions VALUES (10130,'ACC1013','2025-05-10 10:00:00','Deposit',5892,50546,'Txn');
INSERT INTO customers VALUES (114,'Pooja Kumar','Female','9929695883','pooja@gmail.com','Chennai','Tamil Nadu','2024-03-01');
INSERT INTO accounts VALUES ('ACC1014',114,'Savings',44055,44055,'Chennai','2024-03-01');
INSERT INTO bank_transactions VALUES (10131,'ACC1014','2025-09-03 16:00:00','Withdrawal',3732,40323,'Txn');
INSERT INTO bank_transactions VALUES (10132,'ACC1014','2025-01-06 14:00:00','NEFT',4700,45023,'Txn');
INSERT INTO bank_transactions VALUES (10133,'ACC1014','2025-09-26 18:00:00','Withdrawal',7286,37737,'Txn');
INSERT INTO bank_transactions VALUES (10134,'ACC1014','2025-05-08 16:00:00','Deposit',533,38270,'Txn');
INSERT INTO bank_transactions VALUES (10135,'ACC1014','2025-12-21 09:00:00','NEFT',1534,39804,'Txn');
INSERT INTO bank_transactions VALUES (10136,'ACC1014','2025-02-02 09:00:00','UPI',5654,34150,'Txn');
INSERT INTO bank_transactions VALUES (10137,'ACC1014','2025-11-07 10:00:00','NEFT',4938,39088,'Txn');
INSERT INTO bank_transactions VALUES (10138,'ACC1014','2025-05-20 17:00:00','Withdrawal',14655,24433,'Txn');
INSERT INTO bank_transactions VALUES (10139,'ACC1014','2025-10-01 11:00:00','Deposit',13993,38426,'Txn');
INSERT INTO bank_transactions VALUES (10140,'ACC1014','2025-05-22 12:00:00','Withdrawal',11125,27301,'Txn');
INSERT INTO customers VALUES (115,'Amit Kumar','Male','9208980209','amit@gmail.com','Delhi','Delhi','2024-04-01');
INSERT INTO accounts VALUES ('ACC1015',115,'Current',19428,19428,'Delhi','2024-04-01');
INSERT INTO bank_transactions VALUES (10141,'ACC1015','2025-10-16 16:00:00','Withdrawal',8580,10848,'Txn');
INSERT INTO bank_transactions VALUES (10142,'ACC1015','2025-06-11 10:00:00','NEFT',14860,25708,'Txn');
INSERT INTO bank_transactions VALUES (10143,'ACC1015','2025-07-02 14:00:00','Deposit',7256,32964,'Txn');
INSERT INTO bank_transactions VALUES (10144,'ACC1015','2025-03-22 09:00:00','Withdrawal',8634,24330,'Txn');
INSERT INTO bank_transactions VALUES (10145,'ACC1015','2025-07-22 18:00:00','UPI',12148,12182,'Txn');
INSERT INTO bank_transactions VALUES (10146,'ACC1015','2025-08-20 14:00:00','Deposit',7629,19811,'Txn');
INSERT INTO bank_transactions VALUES (10147,'ACC1015','2025-03-17 17:00:00','Deposit',1334,21145,'Txn');
INSERT INTO bank_transactions VALUES (10148,'ACC1015','2025-12-27 11:00:00','Deposit',13394,34539,'Txn');
INSERT INTO bank_transactions VALUES (10149,'ACC1015','2025-06-07 11:00:00','UPI',6948,27591,'Txn');
INSERT INTO bank_transactions VALUES (10150,'ACC1015','2025-10-17 15:00:00','Deposit',5220,32811,'Txn');
INSERT INTO customers VALUES (116,'Suresh Kumar','Female','9727021171','suresh@gmail.com','Bangalore','Karnataka','2024-05-01');
INSERT INTO accounts VALUES ('ACC1016',116,'Savings',15546,15546,'Bangalore','2024-05-01');
INSERT INTO bank_transactions VALUES (10151,'ACC1016','2025-06-10 14:00:00','NEFT',14866,30412,'Txn');
INSERT INTO bank_transactions VALUES (10152,'ACC1016','2025-02-09 13:00:00','NEFT',936,31348,'Txn');
INSERT INTO bank_transactions VALUES (10153,'ACC1016','2025-01-22 11:00:00','NEFT',1873,33221,'Txn');
INSERT INTO bank_transactions VALUES (10154,'ACC1016','2025-11-13 15:00:00','Deposit',9427,42648,'Txn');
INSERT INTO bank_transactions VALUES (10155,'ACC1016','2025-12-15 18:00:00','Deposit',11539,54187,'Txn');
INSERT INTO bank_transactions VALUES (10156,'ACC1016','2025-11-12 16:00:00','Deposit',2350,56537,'Txn');
INSERT INTO bank_transactions VALUES (10157,'ACC1016','2025-12-16 14:00:00','Deposit',14054,70591,'Txn');
INSERT INTO bank_transactions VALUES (10158,'ACC1016','2025-03-02 17:00:00','Deposit',568,71159,'Txn');
INSERT INTO bank_transactions VALUES (10159,'ACC1016','2025-05-02 10:00:00','Withdrawal',8679,62480,'Txn');
INSERT INTO bank_transactions VALUES (10160,'ACC1016','2025-08-24 10:00:00','UPI',2942,59538,'Txn');
INSERT INTO customers VALUES (117,'Lakshmi Kumar','Male','9324082401','lakshmi@gmail.com','Mumbai','Maharashtra','2024-06-01');
INSERT INTO accounts VALUES ('ACC1017',117,'Savings',47921,47921,'Mumbai','2024-06-01');
INSERT INTO bank_transactions VALUES (10161,'ACC1017','2025-01-24 17:00:00','Withdrawal',14542,33379,'Txn');
INSERT INTO bank_transactions VALUES (10162,'ACC1017','2025-05-11 11:00:00','Withdrawal',1584,31795,'Txn');
INSERT INTO bank_transactions VALUES (10163,'ACC1017','2025-04-03 14:00:00','UPI',575,31220,'Txn');
INSERT INTO bank_transactions VALUES (10164,'ACC1017','2025-03-23 14:00:00','NEFT',8101,39321,'Txn');
INSERT INTO bank_transactions VALUES (10165,'ACC1017','2025-09-08 15:00:00','NEFT',14268,53589,'Txn');
INSERT INTO bank_transactions VALUES (10166,'ACC1017','2025-05-10 11:00:00','NEFT',12967,66556,'Txn');
INSERT INTO bank_transactions VALUES (10167,'ACC1017','2025-06-04 15:00:00','NEFT',14699,81255,'Txn');
INSERT INTO bank_transactions VALUES (10168,'ACC1017','2025-03-04 17:00:00','UPI',1840,79415,'Txn');
INSERT INTO bank_transactions VALUES (10169,'ACC1017','2025-02-08 17:00:00','NEFT',6169,85584,'Txn');
INSERT INTO bank_transactions VALUES (10170,'ACC1017','2025-10-06 09:00:00','UPI',11305,74279,'Txn');
INSERT INTO customers VALUES (118,'Nikhil Kumar','Female','9951696724','nikhil@gmail.com','Chennai','Tamil Nadu','2024-07-01');
INSERT INTO accounts VALUES ('ACC1018',118,'Current',14311,14311,'Chennai','2024-07-01');
INSERT INTO bank_transactions VALUES (10171,'ACC1018','2025-01-06 14:00:00','Withdrawal',2415,11896,'Txn');
INSERT INTO bank_transactions VALUES (10172,'ACC1018','2025-04-19 17:00:00','Withdrawal',11260,636,'Txn');
INSERT INTO bank_transactions VALUES (10173,'ACC1018','2025-07-07 14:00:00','UPI',4154,0,'Txn');
INSERT INTO bank_transactions VALUES (10174,'ACC1018','2025-10-15 15:00:00','NEFT',7806,7806,'Txn');
INSERT INTO bank_transactions VALUES (10175,'ACC1018','2025-10-06 12:00:00','UPI',6374,1432,'Txn');
INSERT INTO bank_transactions VALUES (10176,'ACC1018','2025-05-21 16:00:00','Withdrawal',4959,0,'Txn');
INSERT INTO bank_transactions VALUES (10177,'ACC1018','2025-05-14 17:00:00','Withdrawal',11967,0,'Txn');
INSERT INTO bank_transactions VALUES (10178,'ACC1018','2025-01-18 16:00:00','NEFT',14667,14667,'Txn');
INSERT INTO bank_transactions VALUES (10179,'ACC1018','2025-11-15 13:00:00','Withdrawal',3359,11308,'Txn');
INSERT INTO bank_transactions VALUES (10180,'ACC1018','2025-10-01 17:00:00','Deposit',7698,19006,'Txn');
INSERT INTO customers VALUES (119,'Deepa Kumar','Male','9609790208','deepa@gmail.com','Hyderabad','Telangana','2024-08-01');
INSERT INTO accounts VALUES ('ACC1019',119,'Savings',45100,45100,'Hyderabad','2024-08-01');
INSERT INTO bank_transactions VALUES (10181,'ACC1019','2025-03-18 11:00:00','NEFT',9243,54343,'Txn');
INSERT INTO bank_transactions VALUES (10182,'ACC1019','2025-02-21 10:00:00','UPI',10164,44179,'Txn');
INSERT INTO bank_transactions VALUES (10183,'ACC1019','2025-08-21 13:00:00','NEFT',13993,58172,'Txn');
INSERT INTO bank_transactions VALUES (10184,'ACC1019','2025-03-16 13:00:00','UPI',1239,56933,'Txn');
INSERT INTO bank_transactions VALUES (10185,'ACC1019','2025-08-27 12:00:00','UPI',4855,52078,'Txn');
INSERT INTO bank_transactions VALUES (10186,'ACC1019','2025-04-04 13:00:00','UPI',12129,39949,'Txn');
INSERT INTO bank_transactions VALUES (10187,'ACC1019','2025-04-03 16:00:00','Deposit',5450,45399,'Txn');
INSERT INTO bank_transactions VALUES (10188,'ACC1019','2025-03-10 17:00:00','Deposit',3834,49233,'Txn');
INSERT INTO bank_transactions VALUES (10189,'ACC1019','2025-12-07 16:00:00','Deposit',5967,55200,'Txn');
INSERT INTO bank_transactions VALUES (10190,'ACC1019','2025-03-23 16:00:00','Withdrawal',9853,45347,'Txn');
INSERT INTO customers VALUES (120,'Varun Kumar','Female','9706270150','varun@gmail.com','Bangalore','Karnataka','2024-09-01');
INSERT INTO accounts VALUES ('ACC1020',120,'Savings',33412,33412,'Bangalore','2024-09-01');
INSERT INTO bank_transactions VALUES (10191,'ACC1020','2025-06-09 15:00:00','Deposit',4058,37470,'Txn');
INSERT INTO bank_transactions VALUES (10192,'ACC1020','2025-12-27 15:00:00','Deposit',7017,44487,'Txn');
INSERT INTO bank_transactions VALUES (10193,'ACC1020','2025-11-22 17:00:00','Withdrawal',10027,34460,'Txn');
INSERT INTO bank_transactions VALUES (10194,'ACC1020','2025-07-26 12:00:00','NEFT',12720,47180,'Txn');
INSERT INTO bank_transactions VALUES (10195,'ACC1020','2025-05-11 18:00:00','Deposit',8571,55751,'Txn');
INSERT INTO bank_transactions VALUES (10196,'ACC1020','2025-12-16 15:00:00','UPI',13078,42673,'Txn');
INSERT INTO bank_transactions VALUES (10197,'ACC1020','2025-11-13 10:00:00','Deposit',10481,53154,'Txn');
INSERT INTO bank_transactions VALUES (10198,'ACC1020','2025-07-15 14:00:00','Withdrawal',4935,48219,'Txn');
INSERT INTO bank_transactions VALUES (10199,'ACC1020','2025-04-11 12:00:00','Deposit',11943,60162,'Txn');
INSERT INTO bank_transactions VALUES (10200,'ACC1020','2025-11-19 16:00:00','Deposit',5978,66140,'Txn');
INSERT INTO customers VALUES (121,'Keerthi Kumar','Male','9799213122','keerthi@gmail.com','Chennai','Tamil Nadu','2024-10-01');
INSERT INTO accounts VALUES ('ACC1021',121,'Current',41385,41385,'Chennai','2024-10-01');
INSERT INTO bank_transactions VALUES (10201,'ACC1021','2025-12-24 15:00:00','Deposit',1509,42894,'Txn');
INSERT INTO bank_transactions VALUES (10202,'ACC1021','2025-01-03 17:00:00','Deposit',6804,49698,'Txn');
INSERT INTO bank_transactions VALUES (10203,'ACC1021','2025-10-11 16:00:00','Withdrawal',14225,35473,'Txn');
INSERT INTO bank_transactions VALUES (10204,'ACC1021','2025-07-21 17:00:00','NEFT',4123,39596,'Txn');
INSERT INTO bank_transactions VALUES (10205,'ACC1021','2025-08-11 14:00:00','NEFT',6136,45732,'Txn');
INSERT INTO bank_transactions VALUES (10206,'ACC1021','2025-04-01 09:00:00','Deposit',6987,52719,'Txn');
INSERT INTO bank_transactions VALUES (10207,'ACC1021','2025-11-09 16:00:00','Withdrawal',12207,40512,'Txn');
INSERT INTO bank_transactions VALUES (10208,'ACC1021','2025-12-10 17:00:00','Withdrawal',4100,36412,'Txn');
INSERT INTO bank_transactions VALUES (10209,'ACC1021','2025-07-17 18:00:00','Withdrawal',3634,32778,'Txn');
INSERT INTO bank_transactions VALUES (10210,'ACC1021','2025-09-18 11:00:00','Deposit',6016,38794,'Txn');
INSERT INTO customers VALUES (122,'Manoj Kumar','Female','9161380434','manoj@gmail.com','Hyderabad','Telangana','2024-11-01');
INSERT INTO accounts VALUES ('ACC1022',122,'Savings',13215,13215,'Hyderabad','2024-11-01');
INSERT INTO bank_transactions VALUES (10211,'ACC1022','2025-02-20 17:00:00','Deposit',6937,20152,'Txn');
INSERT INTO bank_transactions VALUES (10212,'ACC1022','2025-07-22 16:00:00','NEFT',4545,24697,'Txn');
INSERT INTO bank_transactions VALUES (10213,'ACC1022','2025-09-02 14:00:00','UPI',12562,12135,'Txn');
INSERT INTO bank_transactions VALUES (10214,'ACC1022','2025-03-04 14:00:00','Deposit',12202,24337,'Txn');
INSERT INTO bank_transactions VALUES (10215,'ACC1022','2025-08-20 16:00:00','Deposit',4241,28578,'Txn');
INSERT INTO bank_transactions VALUES (10216,'ACC1022','2025-06-18 16:00:00','NEFT',11746,40324,'Txn');
INSERT INTO bank_transactions VALUES (10217,'ACC1022','2025-06-19 15:00:00','UPI',11728,28596,'Txn');
INSERT INTO bank_transactions VALUES (10218,'ACC1022','2025-05-21 12:00:00','UPI',12448,16148,'Txn');
INSERT INTO bank_transactions VALUES (10219,'ACC1022','2025-12-25 16:00:00','NEFT',1611,17759,'Txn');
INSERT INTO bank_transactions VALUES (10220,'ACC1022','2025-01-08 15:00:00','Withdrawal',2946,14813,'Txn');
INSERT INTO customers VALUES (123,'Divya Kumar','Male','9230146883','divya@gmail.com','Hyderabad','Telangana','2024-12-01');
INSERT INTO accounts VALUES ('ACC1023',123,'Savings',42439,42439,'Hyderabad','2024-12-01');
INSERT INTO bank_transactions VALUES (10221,'ACC1023','2025-08-17 11:00:00','NEFT',7232,49671,'Txn');
INSERT INTO bank_transactions VALUES (10222,'ACC1023','2025-08-04 13:00:00','Withdrawal',9236,40435,'Txn');
INSERT INTO bank_transactions VALUES (10223,'ACC1023','2025-08-04 18:00:00','NEFT',5685,46120,'Txn');
INSERT INTO bank_transactions VALUES (10224,'ACC1023','2025-03-07 09:00:00','Withdrawal',10116,36004,'Txn');
INSERT INTO bank_transactions VALUES (10225,'ACC1023','2025-01-06 11:00:00','UPI',14555,21449,'Txn');
INSERT INTO bank_transactions VALUES (10226,'ACC1023','2025-09-28 10:00:00','Withdrawal',11562,9887,'Txn');
INSERT INTO bank_transactions VALUES (10227,'ACC1023','2025-02-06 15:00:00','Deposit',14656,24543,'Txn');
INSERT INTO bank_transactions VALUES (10228,'ACC1023','2025-02-11 12:00:00','Deposit',12753,37296,'Txn');
INSERT INTO bank_transactions VALUES (10229,'ACC1023','2025-02-15 15:00:00','NEFT',700,37996,'Txn');
INSERT INTO bank_transactions VALUES (10230,'ACC1023','2025-02-26 14:00:00','NEFT',13903,51899,'Txn');
INSERT INTO customers VALUES (124,'Harsha Kumar','Female','9743147374','harsha@gmail.com','Hyderabad','Telangana','2024-01-01');
INSERT INTO accounts VALUES ('ACC1024',124,'Current',31000,31000,'Hyderabad','2024-01-01');
INSERT INTO bank_transactions VALUES (10231,'ACC1024','2025-05-04 17:00:00','NEFT',7025,38025,'Txn');
INSERT INTO bank_transactions VALUES (10232,'ACC1024','2025-01-03 12:00:00','NEFT',8810,46835,'Txn');
INSERT INTO bank_transactions VALUES (10233,'ACC1024','2025-06-22 09:00:00','UPI',10917,35918,'Txn');
INSERT INTO bank_transactions VALUES (10234,'ACC1024','2025-09-14 17:00:00','Withdrawal',8150,27768,'Txn');
INSERT INTO bank_transactions VALUES (10235,'ACC1024','2025-03-24 09:00:00','Deposit',9355,37123,'Txn');
INSERT INTO bank_transactions VALUES (10236,'ACC1024','2025-12-03 18:00:00','Deposit',12641,49764,'Txn');
INSERT INTO bank_transactions VALUES (10237,'ACC1024','2025-12-12 13:00:00','Deposit',13789,63553,'Txn');
INSERT INTO bank_transactions VALUES (10238,'ACC1024','2025-09-26 18:00:00','Deposit',9711,73264,'Txn');
INSERT INTO bank_transactions VALUES (10239,'ACC1024','2025-12-18 13:00:00','UPI',10616,62648,'Txn');
INSERT INTO bank_transactions VALUES (10240,'ACC1024','2025-09-21 16:00:00','NEFT',2446,65094,'Txn');
INSERT INTO customers VALUES (125,'Akash Kumar','Male','9157830496','akash@gmail.com','Delhi','Delhi','2024-02-01');
INSERT INTO accounts VALUES ('ACC1025',125,'Savings',35514,35514,'Delhi','2024-02-01');
INSERT INTO bank_transactions VALUES (10241,'ACC1025','2025-12-12 14:00:00','Deposit',1167,36681,'Txn');
INSERT INTO bank_transactions VALUES (10242,'ACC1025','2025-07-05 18:00:00','Withdrawal',4752,31929,'Txn');
INSERT INTO bank_transactions VALUES (10243,'ACC1025','2025-07-03 13:00:00','Withdrawal',7187,24742,'Txn');
INSERT INTO bank_transactions VALUES (10244,'ACC1025','2025-04-20 13:00:00','NEFT',11584,36326,'Txn');
INSERT INTO bank_transactions VALUES (10245,'ACC1025','2025-04-15 14:00:00','UPI',9777,26549,'Txn');
INSERT INTO bank_transactions VALUES (10246,'ACC1025','2025-03-27 18:00:00','Deposit',1117,27666,'Txn');
INSERT INTO bank_transactions VALUES (10247,'ACC1025','2025-03-02 09:00:00','Withdrawal',10602,17064,'Txn');
INSERT INTO bank_transactions VALUES (10248,'ACC1025','2025-07-20 11:00:00','Withdrawal',4669,12395,'Txn');
INSERT INTO bank_transactions VALUES (10249,'ACC1025','2025-03-27 17:00:00','Deposit',6037,18432,'Txn');
INSERT INTO bank_transactions VALUES (10250,'ACC1025','2025-02-26 11:00:00','Deposit',10646,29078,'Txn');
INSERT INTO customers VALUES (126,'Bhavana Kumar','Female','9808757202','bhavana@gmail.com','Chennai','Tamil Nadu','2024-03-01');
INSERT INTO accounts VALUES ('ACC1026',126,'Savings',30834,30834,'Chennai','2024-03-01');
INSERT INTO bank_transactions VALUES (10251,'ACC1026','2025-12-24 14:00:00','NEFT',13600,44434,'Txn');
INSERT INTO bank_transactions VALUES (10252,'ACC1026','2025-08-18 09:00:00','UPI',4776,39658,'Txn');
INSERT INTO bank_transactions VALUES (10253,'ACC1026','2025-04-16 14:00:00','NEFT',9470,49128,'Txn');
INSERT INTO bank_transactions VALUES (10254,'ACC1026','2025-12-11 17:00:00','Withdrawal',9135,39993,'Txn');
INSERT INTO bank_transactions VALUES (10255,'ACC1026','2025-10-08 16:00:00','NEFT',9418,49411,'Txn');
INSERT INTO bank_transactions VALUES (10256,'ACC1026','2025-01-18 14:00:00','UPI',10203,39208,'Txn');
INSERT INTO bank_transactions VALUES (10257,'ACC1026','2025-04-17 18:00:00','UPI',7342,31866,'Txn');
INSERT INTO bank_transactions VALUES (10258,'ACC1026','2025-01-10 17:00:00','Deposit',9619,41485,'Txn');
INSERT INTO bank_transactions VALUES (10259,'ACC1026','2025-06-16 14:00:00','Deposit',10240,51725,'Txn');
INSERT INTO bank_transactions VALUES (10260,'ACC1026','2025-04-02 16:00:00','UPI',6179,45546,'Txn');
INSERT INTO customers VALUES (127,'Rakesh Kumar','Male','9869093867','rakesh@gmail.com','Chennai','Tamil Nadu','2024-04-01');
INSERT INTO accounts VALUES ('ACC1027',127,'Current',18583,18583,'Chennai','2024-04-01');
INSERT INTO bank_transactions VALUES (10261,'ACC1027','2025-01-03 13:00:00','NEFT',11654,30237,'Txn');
INSERT INTO bank_transactions VALUES (10262,'ACC1027','2025-02-08 15:00:00','NEFT',13950,44187,'Txn');
INSERT INTO bank_transactions VALUES (10263,'ACC1027','2025-11-27 09:00:00','Deposit',7459,51646,'Txn');
INSERT INTO bank_transactions VALUES (10264,'ACC1027','2025-08-18 09:00:00','Deposit',1639,53285,'Txn');
INSERT INTO bank_transactions VALUES (10265,'ACC1027','2025-09-20 10:00:00','Deposit',10755,64040,'Txn');
INSERT INTO bank_transactions VALUES (10266,'ACC1027','2025-10-04 10:00:00','Withdrawal',12657,51383,'Txn');
INSERT INTO bank_transactions VALUES (10267,'ACC1027','2025-05-18 11:00:00','UPI',13407,37976,'Txn');
INSERT INTO bank_transactions VALUES (10268,'ACC1027','2025-05-23 14:00:00','UPI',11004,26972,'Txn');
INSERT INTO bank_transactions VALUES (10269,'ACC1027','2025-11-25 15:00:00','Deposit',6779,33751,'Txn');
INSERT INTO bank_transactions VALUES (10270,'ACC1027','2025-05-24 14:00:00','Deposit',6051,39802,'Txn');
INSERT INTO customers VALUES (128,'Meena Kumar','Female','9566568199','meena@gmail.com','Delhi','Delhi','2024-05-01');
INSERT INTO accounts VALUES ('ACC1028',128,'Savings',11840,11840,'Delhi','2024-05-01');
INSERT INTO bank_transactions VALUES (10271,'ACC1028','2025-12-13 12:00:00','Deposit',692,12532,'Txn');
INSERT INTO bank_transactions VALUES (10272,'ACC1028','2025-06-17 12:00:00','NEFT',4376,16908,'Txn');
INSERT INTO bank_transactions VALUES (10273,'ACC1028','2025-06-11 14:00:00','NEFT',2529,19437,'Txn');
INSERT INTO bank_transactions VALUES (10274,'ACC1028','2025-02-01 11:00:00','Withdrawal',3255,16182,'Txn');
INSERT INTO bank_transactions VALUES (10275,'ACC1028','2025-07-18 17:00:00','UPI',8445,7737,'Txn');
INSERT INTO bank_transactions VALUES (10276,'ACC1028','2025-06-04 18:00:00','UPI',4953,2784,'Txn');
INSERT INTO bank_transactions VALUES (10277,'ACC1028','2025-03-15 13:00:00','Deposit',13936,16720,'Txn');
INSERT INTO bank_transactions VALUES (10278,'ACC1028','2025-05-11 15:00:00','UPI',8835,7885,'Txn');
INSERT INTO bank_transactions VALUES (10279,'ACC1028','2025-03-11 14:00:00','Deposit',6402,14287,'Txn');
INSERT INTO bank_transactions VALUES (10280,'ACC1028','2025-08-03 15:00:00','UPI',7502,6785,'Txn');
INSERT INTO customers VALUES (129,'Kavya Kumar','Male','9484935814','kavya@gmail.com','Chennai','Tamil Nadu','2024-06-01');
INSERT INTO accounts VALUES ('ACC1029',129,'Savings',45407,45407,'Chennai','2024-06-01');
INSERT INTO bank_transactions VALUES (10281,'ACC1029','2025-10-15 18:00:00','UPI',12006,33401,'Txn');
INSERT INTO bank_transactions VALUES (10282,'ACC1029','2025-01-04 14:00:00','UPI',14098,19303,'Txn');
INSERT INTO bank_transactions VALUES (10283,'ACC1029','2025-05-07 12:00:00','NEFT',2750,22053,'Txn');
INSERT INTO bank_transactions VALUES (10284,'ACC1029','2025-03-08 13:00:00','NEFT',9669,31722,'Txn');
INSERT INTO bank_transactions VALUES (10285,'ACC1029','2025-03-07 14:00:00','NEFT',2264,33986,'Txn');
INSERT INTO bank_transactions VALUES (10286,'ACC1029','2025-08-01 15:00:00','Deposit',7864,41850,'Txn');
INSERT INTO bank_transactions VALUES (10287,'ACC1029','2025-08-21 12:00:00','NEFT',4779,46629,'Txn');
INSERT INTO bank_transactions VALUES (10288,'ACC1029','2025-12-03 13:00:00','UPI',5125,41504,'Txn');
INSERT INTO bank_transactions VALUES (10289,'ACC1029','2025-12-25 12:00:00','UPI',4918,36586,'Txn');
INSERT INTO bank_transactions VALUES (10290,'ACC1029','2025-01-21 18:00:00','UPI',3266,33320,'Txn');
INSERT INTO customers VALUES (130,'Ajay Kumar','Female','9548698018','ajay@gmail.com','Bangalore','Karnataka','2024-07-01');
INSERT INTO accounts VALUES ('ACC1030',130,'Current',47476,47476,'Bangalore','2024-07-01');
INSERT INTO bank_transactions VALUES (10291,'ACC1030','2025-05-20 13:00:00','NEFT',12453,59929,'Txn');
INSERT INTO bank_transactions VALUES (10292,'ACC1030','2025-09-20 18:00:00','UPI',5859,54070,'Txn');
INSERT INTO bank_transactions VALUES (10293,'ACC1030','2025-11-25 10:00:00','Withdrawal',12605,41465,'Txn');
INSERT INTO bank_transactions VALUES (10294,'ACC1030','2025-01-01 17:00:00','Withdrawal',637,40828,'Txn');
INSERT INTO bank_transactions VALUES (10295,'ACC1030','2025-05-11 17:00:00','NEFT',11366,52194,'Txn');
INSERT INTO bank_transactions VALUES (10296,'ACC1030','2025-05-03 09:00:00','Deposit',10031,62225,'Txn');
INSERT INTO bank_transactions VALUES (10297,'ACC1030','2025-09-05 10:00:00','Deposit',3151,65376,'Txn');
INSERT INTO bank_transactions VALUES (10298,'ACC1030','2025-02-01 16:00:00','UPI',2090,63286,'Txn');
INSERT INTO bank_transactions VALUES (10299,'ACC1030','2025-12-08 13:00:00','Deposit',13963,77249,'Txn');
INSERT INTO bank_transactions VALUES (10300,'ACC1030','2025-07-16 18:00:00','Deposit',9933,87182,'Txn');
INSERT INTO customers VALUES (131,'Sunil Kumar','Male','9240254250','sunil@gmail.com','Hyderabad','Telangana','2024-08-01');
INSERT INTO accounts VALUES ('ACC1031',131,'Savings',49051,49051,'Hyderabad','2024-08-01');
INSERT INTO bank_transactions VALUES (10301,'ACC1031','2025-03-18 11:00:00','UPI',1709,47342,'Txn');
INSERT INTO bank_transactions VALUES (10302,'ACC1031','2025-02-21 11:00:00','UPI',11567,35775,'Txn');
INSERT INTO bank_transactions VALUES (10303,'ACC1031','2025-05-23 15:00:00','NEFT',11994,47769,'Txn');
INSERT INTO bank_transactions VALUES (10304,'ACC1031','2025-07-26 09:00:00','Deposit',2168,49937,'Txn');
INSERT INTO bank_transactions VALUES (10305,'ACC1031','2025-06-22 14:00:00','Withdrawal',12693,37244,'Txn');
INSERT INTO bank_transactions VALUES (10306,'ACC1031','2025-05-10 17:00:00','Withdrawal',4651,32593,'Txn');
INSERT INTO bank_transactions VALUES (10307,'ACC1031','2025-01-26 15:00:00','Withdrawal',14912,17681,'Txn');
INSERT INTO bank_transactions VALUES (10308,'ACC1031','2025-02-12 15:00:00','NEFT',9791,27472,'Txn');
INSERT INTO bank_transactions VALUES (10309,'ACC1031','2025-10-14 13:00:00','UPI',11002,16470,'Txn');
INSERT INTO bank_transactions VALUES (10310,'ACC1031','2025-04-13 16:00:00','NEFT',6682,23152,'Txn');
INSERT INTO customers VALUES (132,'Swathi Kumar','Female','9188250695','swathi@gmail.com','Hyderabad','Telangana','2024-09-01');
INSERT INTO accounts VALUES ('ACC1032',132,'Savings',44596,44596,'Hyderabad','2024-09-01');
INSERT INTO bank_transactions VALUES (10311,'ACC1032','2025-08-27 10:00:00','NEFT',7202,51798,'Txn');
INSERT INTO bank_transactions VALUES (10312,'ACC1032','2025-01-19 17:00:00','UPI',12007,39791,'Txn');
INSERT INTO bank_transactions VALUES (10313,'ACC1032','2025-10-11 14:00:00','UPI',11888,27903,'Txn');
INSERT INTO bank_transactions VALUES (10314,'ACC1032','2025-07-12 16:00:00','Withdrawal',2290,25613,'Txn');
INSERT INTO bank_transactions VALUES (10315,'ACC1032','2025-09-13 14:00:00','NEFT',3368,28981,'Txn');
INSERT INTO bank_transactions VALUES (10316,'ACC1032','2025-04-28 10:00:00','Withdrawal',8507,20474,'Txn');
INSERT INTO bank_transactions VALUES (10317,'ACC1032','2025-05-13 13:00:00','Withdrawal',2229,18245,'Txn');
INSERT INTO bank_transactions VALUES (10318,'ACC1032','2025-08-03 12:00:00','UPI',12367,5878,'Txn');
INSERT INTO bank_transactions VALUES (10319,'ACC1032','2025-06-17 10:00:00','UPI',2705,3173,'Txn');
INSERT INTO bank_transactions VALUES (10320,'ACC1032','2025-10-19 15:00:00','Deposit',7415,10588,'Txn');
INSERT INTO customers VALUES (133,'Naveen Kumar','Male','9345039654','naveen@gmail.com','Mumbai','Maharashtra','2024-10-01');
INSERT INTO accounts VALUES ('ACC1033',133,'Current',16092,16092,'Mumbai','2024-10-01');
INSERT INTO bank_transactions VALUES (10321,'ACC1033','2025-09-26 18:00:00','UPI',11061,5031,'Txn');
INSERT INTO bank_transactions VALUES (10322,'ACC1033','2025-03-28 09:00:00','NEFT',9810,14841,'Txn');
INSERT INTO bank_transactions VALUES (10323,'ACC1033','2025-09-20 12:00:00','Withdrawal',13216,1625,'Txn');
INSERT INTO bank_transactions VALUES (10324,'ACC1033','2025-02-15 11:00:00','Deposit',3390,5015,'Txn');
INSERT INTO bank_transactions VALUES (10325,'ACC1033','2025-09-24 18:00:00','Deposit',7770,12785,'Txn');
INSERT INTO bank_transactions VALUES (10326,'ACC1033','2025-09-19 13:00:00','NEFT',7914,20699,'Txn');
INSERT INTO bank_transactions VALUES (10327,'ACC1033','2025-02-05 15:00:00','Deposit',5282,25981,'Txn');
INSERT INTO bank_transactions VALUES (10328,'ACC1033','2025-01-26 10:00:00','NEFT',3459,29440,'Txn');
INSERT INTO bank_transactions VALUES (10329,'ACC1033','2025-08-17 11:00:00','Deposit',3169,32609,'Txn');
INSERT INTO bank_transactions VALUES (10330,'ACC1033','2025-12-06 09:00:00','Withdrawal',9137,23472,'Txn');
INSERT INTO customers VALUES (134,'Teja Kumar','Female','9897143761','teja@gmail.com','Bangalore','Karnataka','2024-11-01');
INSERT INTO accounts VALUES ('ACC1034',134,'Savings',47036,47036,'Bangalore','2024-11-01');
INSERT INTO bank_transactions VALUES (10331,'ACC1034','2025-05-22 12:00:00','Deposit',8892,55928,'Txn');
INSERT INTO bank_transactions VALUES (10332,'ACC1034','2025-08-25 10:00:00','NEFT',7181,63109,'Txn');
INSERT INTO bank_transactions VALUES (10333,'ACC1034','2025-11-11 18:00:00','Deposit',1448,64557,'Txn');
INSERT INTO bank_transactions VALUES (10334,'ACC1034','2025-07-21 09:00:00','NEFT',10419,74976,'Txn');
INSERT INTO bank_transactions VALUES (10335,'ACC1034','2025-09-18 16:00:00','UPI',2108,72868,'Txn');
INSERT INTO bank_transactions VALUES (10336,'ACC1034','2025-04-06 17:00:00','NEFT',8549,81417,'Txn');
INSERT INTO bank_transactions VALUES (10337,'ACC1034','2025-11-17 12:00:00','NEFT',8498,89915,'Txn');
INSERT INTO bank_transactions VALUES (10338,'ACC1034','2025-10-05 15:00:00','Deposit',13946,103861,'Txn');
INSERT INTO bank_transactions VALUES (10339,'ACC1034','2025-01-04 17:00:00','Withdrawal',10964,92897,'Txn');
INSERT INTO bank_transactions VALUES (10340,'ACC1034','2025-10-17 14:00:00','NEFT',5095,97992,'Txn');
INSERT INTO customers VALUES (135,'Madhu Kumar','Male','9979936572','madhu@gmail.com','Chennai','Tamil Nadu','2024-12-01');
INSERT INTO accounts VALUES ('ACC1035',135,'Savings',22441,22441,'Chennai','2024-12-01');
INSERT INTO bank_transactions VALUES (10341,'ACC1035','2025-01-21 18:00:00','Deposit',2827,25268,'Txn');
INSERT INTO bank_transactions VALUES (10342,'ACC1035','2025-08-05 14:00:00','NEFT',7558,32826,'Txn');
INSERT INTO bank_transactions VALUES (10343,'ACC1035','2025-06-21 12:00:00','Withdrawal',13546,19280,'Txn');
INSERT INTO bank_transactions VALUES (10344,'ACC1035','2025-08-06 10:00:00','Deposit',13543,32823,'Txn');
INSERT INTO bank_transactions VALUES (10345,'ACC1035','2025-07-13 17:00:00','NEFT',1793,34616,'Txn');
INSERT INTO bank_transactions VALUES (10346,'ACC1035','2025-02-21 14:00:00','Deposit',11180,45796,'Txn');
INSERT INTO bank_transactions VALUES (10347,'ACC1035','2025-04-28 11:00:00','NEFT',9723,55519,'Txn');
INSERT INTO bank_transactions VALUES (10348,'ACC1035','2025-08-13 12:00:00','NEFT',774,56293,'Txn');
INSERT INTO bank_transactions VALUES (10349,'ACC1035','2025-01-06 15:00:00','UPI',8719,47574,'Txn');
INSERT INTO bank_transactions VALUES (10350,'ACC1035','2025-09-25 10:00:00','UPI',6689,40885,'Txn');
INSERT INTO customers VALUES (136,'Ganesh Kumar','Female','9198721865','ganesh@gmail.com','Mumbai','Maharashtra','2024-01-01');
INSERT INTO accounts VALUES ('ACC1036',136,'Current',14669,14669,'Mumbai','2024-01-01');
INSERT INTO bank_transactions VALUES (10351,'ACC1036','2025-09-16 16:00:00','UPI',11747,2922,'Txn');
INSERT INTO bank_transactions VALUES (10352,'ACC1036','2025-08-26 17:00:00','Withdrawal',9137,0,'Txn');
INSERT INTO bank_transactions VALUES (10353,'ACC1036','2025-09-19 14:00:00','NEFT',1964,1964,'Txn');
INSERT INTO bank_transactions VALUES (10354,'ACC1036','2025-03-03 15:00:00','Deposit',7767,9731,'Txn');
INSERT INTO bank_transactions VALUES (10355,'ACC1036','2025-01-07 16:00:00','UPI',5123,4608,'Txn');
INSERT INTO bank_transactions VALUES (10356,'ACC1036','2025-11-25 09:00:00','UPI',10956,0,'Txn');
INSERT INTO bank_transactions VALUES (10357,'ACC1036','2025-09-01 18:00:00','Deposit',8061,8061,'Txn');
INSERT INTO bank_transactions VALUES (10358,'ACC1036','2025-11-16 10:00:00','NEFT',5133,13194,'Txn');
INSERT INTO bank_transactions VALUES (10359,'ACC1036','2025-04-25 13:00:00','Deposit',10450,23644,'Txn');
INSERT INTO bank_transactions VALUES (10360,'ACC1036','2025-04-22 14:00:00','Deposit',3190,26834,'Txn');
INSERT INTO customers VALUES (137,'Sonia Kumar','Male','9787690182','sonia@gmail.com','Mumbai','Maharashtra','2024-02-01');
INSERT INTO accounts VALUES ('ACC1037',137,'Savings',18935,18935,'Mumbai','2024-02-01');
INSERT INTO bank_transactions VALUES (10361,'ACC1037','2025-04-05 11:00:00','Deposit',6929,25864,'Txn');
INSERT INTO bank_transactions VALUES (10362,'ACC1037','2025-05-15 10:00:00','UPI',1409,24455,'Txn');
INSERT INTO bank_transactions VALUES (10363,'ACC1037','2025-01-17 09:00:00','Withdrawal',3209,21246,'Txn');
INSERT INTO bank_transactions VALUES (10364,'ACC1037','2025-07-04 10:00:00','Deposit',14422,35668,'Txn');
INSERT INTO bank_transactions VALUES (10365,'ACC1037','2025-10-28 12:00:00','UPI',12366,23302,'Txn');
INSERT INTO bank_transactions VALUES (10366,'ACC1037','2025-11-19 15:00:00','Deposit',8863,32165,'Txn');
INSERT INTO bank_transactions VALUES (10367,'ACC1037','2025-07-09 13:00:00','UPI',14927,17238,'Txn');
INSERT INTO bank_transactions VALUES (10368,'ACC1037','2025-06-16 11:00:00','Deposit',12701,29939,'Txn');
INSERT INTO bank_transactions VALUES (10369,'ACC1037','2025-11-08 11:00:00','Withdrawal',12838,17101,'Txn');
INSERT INTO bank_transactions VALUES (10370,'ACC1037','2025-06-14 10:00:00','Withdrawal',6223,10878,'Txn');
INSERT INTO customers VALUES (138,'Rani Kumar','Female','9322252031','rani@gmail.com','Bangalore','Karnataka','2024-03-01');
INSERT INTO accounts VALUES ('ACC1038',138,'Savings',11981,11981,'Bangalore','2024-03-01');
INSERT INTO bank_transactions VALUES (10371,'ACC1038','2025-04-20 15:00:00','Withdrawal',8709,3272,'Txn');
INSERT INTO bank_transactions VALUES (10372,'ACC1038','2025-11-13 14:00:00','Withdrawal',13493,0,'Txn');
INSERT INTO bank_transactions VALUES (10373,'ACC1038','2025-07-17 15:00:00','Withdrawal',5242,0,'Txn');
INSERT INTO bank_transactions VALUES (10374,'ACC1038','2025-11-10 09:00:00','UPI',4031,0,'Txn');
INSERT INTO bank_transactions VALUES (10375,'ACC1038','2025-02-22 13:00:00','NEFT',5474,5474,'Txn');
INSERT INTO bank_transactions VALUES (10376,'ACC1038','2025-06-18 14:00:00','Deposit',7280,12754,'Txn');
INSERT INTO bank_transactions VALUES (10377,'ACC1038','2025-08-01 17:00:00','Deposit',14496,27250,'Txn');
INSERT INTO bank_transactions VALUES (10378,'ACC1038','2025-12-26 09:00:00','NEFT',12333,39583,'Txn');
INSERT INTO bank_transactions VALUES (10379,'ACC1038','2025-10-06 18:00:00','UPI',2440,37143,'Txn');
INSERT INTO bank_transactions VALUES (10380,'ACC1038','2025-10-11 13:00:00','UPI',8886,28257,'Txn');
INSERT INTO customers VALUES (139,'Vijay Kumar','Male','9248397688','vijay@gmail.com','Delhi','Delhi','2024-04-01');
INSERT INTO accounts VALUES ('ACC1039',139,'Current',24329,24329,'Delhi','2024-04-01');
INSERT INTO bank_transactions VALUES (10381,'ACC1039','2025-12-17 10:00:00','UPI',8577,15752,'Txn');
INSERT INTO bank_transactions VALUES (10382,'ACC1039','2025-12-02 17:00:00','Withdrawal',1710,14042,'Txn');
INSERT INTO bank_transactions VALUES (10383,'ACC1039','2025-07-05 18:00:00','NEFT',1587,15629,'Txn');
INSERT INTO bank_transactions VALUES (10384,'ACC1039','2025-08-24 18:00:00','UPI',8741,6888,'Txn');
INSERT INTO bank_transactions VALUES (10385,'ACC1039','2025-08-05 10:00:00','Withdrawal',527,6361,'Txn');
INSERT INTO bank_transactions VALUES (10386,'ACC1039','2025-12-02 12:00:00','Deposit',13377,19738,'Txn');
INSERT INTO bank_transactions VALUES (10387,'ACC1039','2025-10-08 13:00:00','Withdrawal',9577,10161,'Txn');
INSERT INTO bank_transactions VALUES (10388,'ACC1039','2025-04-08 12:00:00','Withdrawal',1086,9075,'Txn');
INSERT INTO bank_transactions VALUES (10389,'ACC1039','2025-02-25 12:00:00','NEFT',13613,22688,'Txn');
INSERT INTO bank_transactions VALUES (10390,'ACC1039','2025-06-03 12:00:00','NEFT',4965,27653,'Txn');
INSERT INTO customers VALUES (140,'Aruna Kumar','Female','9832887105','aruna@gmail.com','Bangalore','Karnataka','2024-05-01');
INSERT INTO accounts VALUES ('ACC1040',140,'Savings',34291,34291,'Bangalore','2024-05-01');
INSERT INTO bank_transactions VALUES (10391,'ACC1040','2025-09-14 11:00:00','Deposit',12466,46757,'Txn');
INSERT INTO bank_transactions VALUES (10392,'ACC1040','2025-10-17 17:00:00','Deposit',5033,51790,'Txn');
INSERT INTO bank_transactions VALUES (10393,'ACC1040','2025-11-11 14:00:00','NEFT',14252,66042,'Txn');
INSERT INTO bank_transactions VALUES (10394,'ACC1040','2025-05-01 10:00:00','UPI',14168,51874,'Txn');
INSERT INTO bank_transactions VALUES (10395,'ACC1040','2025-11-22 11:00:00','Withdrawal',8977,42897,'Txn');
INSERT INTO bank_transactions VALUES (10396,'ACC1040','2025-09-09 14:00:00','Withdrawal',7102,35795,'Txn');
INSERT INTO bank_transactions VALUES (10397,'ACC1040','2025-07-17 14:00:00','Withdrawal',8197,27598,'Txn');
INSERT INTO bank_transactions VALUES (10398,'ACC1040','2025-07-03 17:00:00','Deposit',8639,36237,'Txn');
INSERT INTO bank_transactions VALUES (10399,'ACC1040','2025-09-23 17:00:00','Withdrawal',5433,30804,'Txn');
INSERT INTO bank_transactions VALUES (10400,'ACC1040','2025-04-04 10:00:00','Deposit',9363,40167,'Txn');
INSERT INTO customers VALUES (141,'Prakash Kumar','Male','9699019687','prakash@gmail.com','Bangalore','Karnataka','2024-06-01');
INSERT INTO accounts VALUES ('ACC1041',141,'Savings',25125,25125,'Bangalore','2024-06-01');
INSERT INTO bank_transactions VALUES (10401,'ACC1041','2025-10-09 14:00:00','Withdrawal',9548,15577,'Txn');
INSERT INTO bank_transactions VALUES (10402,'ACC1041','2025-08-15 13:00:00','Deposit',12803,28380,'Txn');
INSERT INTO bank_transactions VALUES (10403,'ACC1041','2025-03-11 12:00:00','Deposit',4164,32544,'Txn');
INSERT INTO bank_transactions VALUES (10404,'ACC1041','2025-02-16 12:00:00','UPI',4833,27711,'Txn');
INSERT INTO bank_transactions VALUES (10405,'ACC1041','2025-08-28 18:00:00','Deposit',9037,36748,'Txn');
INSERT INTO bank_transactions VALUES (10406,'ACC1041','2025-05-06 14:00:00','Withdrawal',5252,31496,'Txn');
INSERT INTO bank_transactions VALUES (10407,'ACC1041','2025-03-20 10:00:00','NEFT',13514,45010,'Txn');
INSERT INTO bank_transactions VALUES (10408,'ACC1041','2025-05-06 13:00:00','Withdrawal',3130,41880,'Txn');
INSERT INTO bank_transactions VALUES (10409,'ACC1041','2025-03-05 18:00:00','NEFT',12316,54196,'Txn');
INSERT INTO bank_transactions VALUES (10410,'ACC1041','2025-03-05 14:00:00','NEFT',9031,63227,'Txn');
INSERT INTO customers VALUES (142,'Sanjana Kumar','Female','9881417575','sanjana@gmail.com','Hyderabad','Telangana','2024-07-01');
INSERT INTO accounts VALUES ('ACC1042',142,'Current',45335,45335,'Hyderabad','2024-07-01');
INSERT INTO bank_transactions VALUES (10411,'ACC1042','2025-10-15 14:00:00','UPI',4022,41313,'Txn');
INSERT INTO bank_transactions VALUES (10412,'ACC1042','2025-12-01 17:00:00','NEFT',13764,55077,'Txn');
INSERT INTO bank_transactions VALUES (10413,'ACC1042','2025-12-20 15:00:00','UPI',14531,40546,'Txn');
INSERT INTO bank_transactions VALUES (10414,'ACC1042','2025-09-19 10:00:00','Withdrawal',4874,35672,'Txn');
INSERT INTO bank_transactions VALUES (10415,'ACC1042','2025-01-24 09:00:00','UPI',14603,21069,'Txn');
INSERT INTO bank_transactions VALUES (10416,'ACC1042','2025-08-08 16:00:00','Withdrawal',715,20354,'Txn');
INSERT INTO bank_transactions VALUES (10417,'ACC1042','2025-03-22 18:00:00','UPI',3460,16894,'Txn');
INSERT INTO bank_transactions VALUES (10418,'ACC1042','2025-03-06 13:00:00','Deposit',5336,22230,'Txn');
INSERT INTO bank_transactions VALUES (10419,'ACC1042','2025-01-20 14:00:00','UPI',4812,17418,'Txn');
INSERT INTO bank_transactions VALUES (10420,'ACC1042','2025-10-01 09:00:00','Withdrawal',11812,5606,'Txn');
INSERT INTO customers VALUES (143,'Tarun Kumar','Male','9566104095','tarun@gmail.com','Delhi','Delhi','2024-08-01');
INSERT INTO accounts VALUES ('ACC1043',143,'Savings',21710,21710,'Delhi','2024-08-01');
INSERT INTO bank_transactions VALUES (10421,'ACC1043','2025-07-11 15:00:00','Withdrawal',4212,17498,'Txn');
INSERT INTO bank_transactions VALUES (10422,'ACC1043','2025-08-25 09:00:00','Withdrawal',5534,11964,'Txn');
INSERT INTO bank_transactions VALUES (10423,'ACC1043','2025-12-26 17:00:00','UPI',2443,9521,'Txn');
INSERT INTO bank_transactions VALUES (10424,'ACC1043','2025-01-28 17:00:00','Deposit',5769,15290,'Txn');
INSERT INTO bank_transactions VALUES (10425,'ACC1043','2025-01-12 17:00:00','Withdrawal',14379,911,'Txn');
INSERT INTO bank_transactions VALUES (10426,'ACC1043','2025-05-15 14:00:00','UPI',2556,0,'Txn');
INSERT INTO bank_transactions VALUES (10427,'ACC1043','2025-06-15 13:00:00','Withdrawal',10643,0,'Txn');
INSERT INTO bank_transactions VALUES (10428,'ACC1043','2025-05-04 10:00:00','Withdrawal',11440,0,'Txn');
INSERT INTO bank_transactions VALUES (10429,'ACC1043','2025-12-10 12:00:00','Deposit',14136,14136,'Txn');
INSERT INTO bank_transactions VALUES (10430,'ACC1043','2025-10-21 12:00:00','UPI',10496,3640,'Txn');
INSERT INTO customers VALUES (144,'Mohan Kumar','Female','9142384346','mohan@gmail.com','Chennai','Tamil Nadu','2024-09-01');
INSERT INTO accounts VALUES ('ACC1044',144,'Savings',46347,46347,'Chennai','2024-09-01');
INSERT INTO bank_transactions VALUES (10431,'ACC1044','2025-01-03 15:00:00','Deposit',3083,49430,'Txn');
INSERT INTO bank_transactions VALUES (10432,'ACC1044','2025-02-26 14:00:00','UPI',5568,43862,'Txn');
INSERT INTO bank_transactions VALUES (10433,'ACC1044','2025-11-23 12:00:00','UPI',823,43039,'Txn');
INSERT INTO bank_transactions VALUES (10434,'ACC1044','2025-04-03 18:00:00','Deposit',14108,57147,'Txn');
INSERT INTO bank_transactions VALUES (10435,'ACC1044','2025-11-19 16:00:00','Withdrawal',6183,50964,'Txn');
INSERT INTO bank_transactions VALUES (10436,'ACC1044','2025-02-08 12:00:00','Deposit',13498,64462,'Txn');
INSERT INTO bank_transactions VALUES (10437,'ACC1044','2025-01-12 14:00:00','Withdrawal',1173,63289,'Txn');
INSERT INTO bank_transactions VALUES (10438,'ACC1044','2025-10-19 14:00:00','UPI',10046,53243,'Txn');
INSERT INTO bank_transactions VALUES (10439,'ACC1044','2025-10-21 10:00:00','NEFT',13856,67099,'Txn');
INSERT INTO bank_transactions VALUES (10440,'ACC1044','2025-11-11 17:00:00','Deposit',14620,81719,'Txn');
INSERT INTO customers VALUES (145,'Lavanya Kumar','Male','9973925376','lavanya@gmail.com','Mumbai','Maharashtra','2024-10-01');
INSERT INTO accounts VALUES ('ACC1045',145,'Current',37090,37090,'Mumbai','2024-10-01');
INSERT INTO bank_transactions VALUES (10441,'ACC1045','2025-10-01 12:00:00','Withdrawal',12861,24229,'Txn');
INSERT INTO bank_transactions VALUES (10442,'ACC1045','2025-09-19 09:00:00','NEFT',972,25201,'Txn');
INSERT INTO bank_transactions VALUES (10443,'ACC1045','2025-03-05 15:00:00','NEFT',5549,30750,'Txn');
INSERT INTO bank_transactions VALUES (10444,'ACC1045','2025-10-13 11:00:00','Withdrawal',6838,23912,'Txn');
INSERT INTO bank_transactions VALUES (10445,'ACC1045','2025-08-07 10:00:00','Deposit',10289,34201,'Txn');
INSERT INTO bank_transactions VALUES (10446,'ACC1045','2025-04-09 13:00:00','UPI',2669,31532,'Txn');
INSERT INTO bank_transactions VALUES (10447,'ACC1045','2025-11-21 18:00:00','Deposit',1201,32733,'Txn');
INSERT INTO bank_transactions VALUES (10448,'ACC1045','2025-01-19 13:00:00','UPI',2203,30530,'Txn');
INSERT INTO bank_transactions VALUES (10449,'ACC1045','2025-01-05 18:00:00','Withdrawal',7051,23479,'Txn');
INSERT INTO bank_transactions VALUES (10450,'ACC1045','2025-04-07 11:00:00','UPI',2487,20992,'Txn');
INSERT INTO customers VALUES (146,'Chandra Kumar','Female','9394233805','chandra@gmail.com','Bangalore','Karnataka','2024-11-01');
INSERT INTO accounts VALUES ('ACC1046',146,'Savings',11739,11739,'Bangalore','2024-11-01');
INSERT INTO bank_transactions VALUES (10451,'ACC1046','2025-10-04 09:00:00','UPI',14130,0,'Txn');
INSERT INTO bank_transactions VALUES (10452,'ACC1046','2025-07-21 17:00:00','NEFT',8964,8964,'Txn');
INSERT INTO bank_transactions VALUES (10453,'ACC1046','2025-04-03 13:00:00','NEFT',950,9914,'Txn');
INSERT INTO bank_transactions VALUES (10454,'ACC1046','2025-04-06 17:00:00','Withdrawal',6563,3351,'Txn');
INSERT INTO bank_transactions VALUES (10455,'ACC1046','2025-06-20 17:00:00','Deposit',11912,15263,'Txn');
INSERT INTO bank_transactions VALUES (10456,'ACC1046','2025-10-12 12:00:00','Withdrawal',12108,3155,'Txn');
INSERT INTO bank_transactions VALUES (10457,'ACC1046','2025-06-03 13:00:00','Withdrawal',2141,1014,'Txn');
INSERT INTO bank_transactions VALUES (10458,'ACC1046','2025-09-17 11:00:00','Deposit',12378,13392,'Txn');
INSERT INTO bank_transactions VALUES (10459,'ACC1046','2025-07-01 11:00:00','Withdrawal',8999,4393,'Txn');
INSERT INTO bank_transactions VALUES (10460,'ACC1046','2025-12-23 15:00:00','Deposit',11337,15730,'Txn');
INSERT INTO customers VALUES (147,'Ramya Kumar','Male','9444707739','ramya@gmail.com','Mumbai','Maharashtra','2024-12-01');
INSERT INTO accounts VALUES ('ACC1047',147,'Savings',39379,39379,'Mumbai','2024-12-01');
INSERT INTO bank_transactions VALUES (10461,'ACC1047','2025-12-02 12:00:00','Deposit',6249,45628,'Txn');
INSERT INTO bank_transactions VALUES (10462,'ACC1047','2025-10-09 09:00:00','UPI',13155,32473,'Txn');
INSERT INTO bank_transactions VALUES (10463,'ACC1047','2025-11-25 11:00:00','UPI',7978,24495,'Txn');
INSERT INTO bank_transactions VALUES (10464,'ACC1047','2025-09-02 11:00:00','Withdrawal',7576,16919,'Txn');
INSERT INTO bank_transactions VALUES (10465,'ACC1047','2025-04-15 11:00:00','NEFT',4841,21760,'Txn');
INSERT INTO bank_transactions VALUES (10466,'ACC1047','2025-12-26 18:00:00','UPI',2410,19350,'Txn');
INSERT INTO bank_transactions VALUES (10467,'ACC1047','2025-12-18 15:00:00','UPI',6036,13314,'Txn');
INSERT INTO bank_transactions VALUES (10468,'ACC1047','2025-11-15 11:00:00','Withdrawal',5862,7452,'Txn');
INSERT INTO bank_transactions VALUES (10469,'ACC1047','2025-08-25 13:00:00','Deposit',10672,18124,'Txn');
INSERT INTO bank_transactions VALUES (10470,'ACC1047','2025-02-23 12:00:00','UPI',14657,3467,'Txn');
INSERT INTO customers VALUES (148,'Krishna Kumar','Female','9169448558','krishna@gmail.com','Bangalore','Karnataka','2024-01-01');
INSERT INTO accounts VALUES ('ACC1048',148,'Current',30450,30450,'Bangalore','2024-01-01');
INSERT INTO bank_transactions VALUES (10471,'ACC1048','2025-10-26 10:00:00','NEFT',14035,44485,'Txn');
INSERT INTO bank_transactions VALUES (10472,'ACC1048','2025-10-08 11:00:00','Withdrawal',2712,41773,'Txn');
INSERT INTO bank_transactions VALUES (10473,'ACC1048','2025-09-21 16:00:00','NEFT',9478,51251,'Txn');
INSERT INTO bank_transactions VALUES (10474,'ACC1048','2025-01-24 15:00:00','Deposit',581,51832,'Txn');
INSERT INTO bank_transactions VALUES (10475,'ACC1048','2025-05-03 10:00:00','NEFT',5869,57701,'Txn');
INSERT INTO bank_transactions VALUES (10476,'ACC1048','2025-07-11 17:00:00','Deposit',14443,72144,'Txn');
INSERT INTO bank_transactions VALUES (10477,'ACC1048','2025-07-15 14:00:00','Withdrawal',4714,67430,'Txn');
INSERT INTO bank_transactions VALUES (10478,'ACC1048','2025-06-10 17:00:00','Deposit',3199,70629,'Txn');
INSERT INTO bank_transactions VALUES (10479,'ACC1048','2025-02-26 14:00:00','NEFT',14791,85420,'Txn');
INSERT INTO bank_transactions VALUES (10480,'ACC1048','2025-10-21 18:00:00','Deposit',8254,93674,'Txn');
INSERT INTO customers VALUES (149,'Yash Kumar','Male','9462923719','yash@gmail.com','Mumbai','Maharashtra','2024-02-01');
INSERT INTO accounts VALUES ('ACC1049',149,'Savings',13031,13031,'Mumbai','2024-02-01');
INSERT INTO bank_transactions VALUES (10481,'ACC1049','2025-01-07 15:00:00','Withdrawal',997,12034,'Txn');
INSERT INTO bank_transactions VALUES (10482,'ACC1049','2025-02-06 11:00:00','Withdrawal',13755,0,'Txn');
INSERT INTO bank_transactions VALUES (10483,'ACC1049','2025-07-01 12:00:00','UPI',13981,0,'Txn');
INSERT INTO bank_transactions VALUES (10484,'ACC1049','2025-11-07 16:00:00','Withdrawal',1645,0,'Txn');
INSERT INTO bank_transactions VALUES (10485,'ACC1049','2025-01-04 18:00:00','UPI',2253,0,'Txn');
INSERT INTO bank_transactions VALUES (10486,'ACC1049','2025-09-23 15:00:00','Deposit',12846,12846,'Txn');
INSERT INTO bank_transactions VALUES (10487,'ACC1049','2025-01-28 16:00:00','Deposit',716,13562,'Txn');
INSERT INTO bank_transactions VALUES (10488,'ACC1049','2025-01-10 18:00:00','Withdrawal',11407,2155,'Txn');
INSERT INTO bank_transactions VALUES (10489,'ACC1049','2025-05-23 17:00:00','Withdrawal',564,1591,'Txn');
INSERT INTO bank_transactions VALUES (10490,'ACC1049','2025-09-03 18:00:00','Withdrawal',3510,0,'Txn');
INSERT INTO customers VALUES (150,'Ishita Kumar','Female','9513329454','ishita@gmail.com','Bangalore','Karnataka','2024-03-01');
INSERT INTO accounts VALUES ('ACC1050',150,'Savings',48016,48016,'Bangalore','2024-03-01');
INSERT INTO bank_transactions VALUES (10491,'ACC1050','2025-12-12 11:00:00','Withdrawal',4640,43376,'Txn');
INSERT INTO bank_transactions VALUES (10492,'ACC1050','2025-09-05 16:00:00','NEFT',11989,55365,'Txn');
INSERT INTO bank_transactions VALUES (10493,'ACC1050','2025-01-24 11:00:00','Withdrawal',944,54421,'Txn');
INSERT INTO bank_transactions VALUES (10494,'ACC1050','2025-01-28 12:00:00','Deposit',10934,65355,'Txn');
INSERT INTO bank_transactions VALUES (10495,'ACC1050','2025-05-08 12:00:00','UPI',7804,57551,'Txn');
INSERT INTO bank_transactions VALUES (10496,'ACC1050','2025-01-23 10:00:00','Withdrawal',3694,53857,'Txn');
INSERT INTO bank_transactions VALUES (10497,'ACC1050','2025-10-06 15:00:00','Withdrawal',13643,40214,'Txn');
INSERT INTO bank_transactions VALUES (10498,'ACC1050','2025-02-18 11:00:00','Deposit',1564,41778,'Txn');
INSERT INTO bank_transactions VALUES (10499,'ACC1050','2025-09-20 11:00:00','Deposit',690,42468,'Txn');
INSERT INTO bank_transactions VALUES (10500,'ACC1050','2025-08-14 13:00:00','Withdrawal',2188,40280,'Txn');
